{"data":[{"name":"_rlnLogAmplitudesOriginal","x":[0.0,9.860055e-06,3.944022e-05,8.87405e-05,0.0001577609,0.0002465014,0.000354962,0.0004831427,0.0006310435,0.0007986645,0.0009860055,0.001193,0.00142,0.001666,0.001933,0.002219,0.002524,0.00285,0.003195,0.003559,0.003944,0.004348,0.004772,0.005216,0.005679,0.006163,0.006665,0.007188,0.00773,0.008292,0.008874,0.009476,0.010097,0.010738,0.011398,0.012079,0.012779,0.013498,0.014238,0.014997,0.015776,0.016575,0.017393,0.018231,0.019089,0.019967,0.020864,0.021781,0.022718,0.023674,0.02465,0.025646,0.026662,0.027697,0.028752,0.029827,0.030921,0.032035,0.033169,0.034323,0.035496,0.036689,0.037902,0.039135,0.040387,0.041659,0.04295,0.044262,0.045593,0.046944,0.048314,0.049705,0.051115,0.052544,0.053994,0.055463,0.056952,0.05846,0.059989,0.061537,0.063104,0.064692,0.066299,0.067926,0.069573,0.071239,0.072925,0.074631,0.076356,0.078101,0.079866,0.081651,0.083456,0.08528,0.087123,0.088987,0.09087,0.092773,0.094696,0.096638,0.098601,0.100582,0.102584,0.104605,0.106646,0.108707,0.110788,0.112888,0.115008,0.117147,0.119307,0.121486,0.123685,0.125903,0.128141,0.130399,0.132677,0.134974,0.137291,0.139628,0.141985,0.144361,0.146757,0.149173,0.151608,0.154063,0.156538,0.159033,0.161547],"y":[-11.16714,-8.22092,-8.0892,-9.32484,-9.59068,-9.92344,-10.69522,-10.83102,-10.84643,-11.076,-11.39473,-11.63539,-11.72918,-11.87505,-11.96671,-12.1133,-12.30063,-12.37268,-12.33482,-12.27474,-12.26881,-12.43222,-12.53965,-12.53882,-12.53937,-12.5869,-12.63189,-12.65572,-12.62193,-12.6217,-12.63176,-12.65404,-12.72903,-12.82815,-12.89032,-12.95,-12.99488,-13.04217,-13.04391,-13.06001,-13.08139,-13.13003,-13.18475,-13.21619,-13.21258,-13.20319,-13.22329,-13.2527,-13.24223,-13.2515,-13.26308,-13.27433,-13.28942,-13.25073,-13.25035,-13.25154,-13.21096,-13.19463,-13.21644,-13.20989,-13.17584,-13.14738,-13.17871,-13.19634,-13.15707,-13.16636,-13.16528,-13.11753,-13.11836,-13.15953,-13.16138,-13.1299,-13.17387,-13.2111,-13.23918,-13.31057,-13.32855,-13.32683,-13.34514,-13.36067,-13.39006,-13.39431,-13.40461,-13.43386,-13.44591,-13.4332,-13.46169,-13.46068,-13.47438,-13.48836,-13.49314,-13.50223,-13.50641,-13.51743,-13.53276,-13.52739,-13.53581,-13.54407,-13.54713,-13.54727,-13.55435,-13.55706,-13.56259,-13.56096,-13.56382,-13.57009,-13.57033,-13.57234,-13.57768,-13.57322,-13.57864,-13.56784,-13.56964,-13.5857,-13.57665,-13.57307,-13.57486,-13.57995,-13.58481,-13.57271,-13.58466,-13.57935,-13.59272,-13.59191,-13.59123,-13.59704,-13.59907,-13.61659,-13.94689],"type":"scatter"},{"name":"_rlnLogAmplitudesMTFCorrected","x":[0.0,9.860055e-06,3.944022e-05,8.87405e-05,0.0001577609,0.0002465014,0.000354962,0.0004831427,0.0006310435,0.0007986645,0.0009860055,0.001193,0.00142,0.001666,0.001933,0.002219,0.002524,0.00285,0.003195,0.003559,0.003944,0.004348,0.004772,0.005216,0.005679,0.006163,0.006665,0.007188,0.00773,0.008292,0.008874,0.009476,0.010097,0.010738,0.011398,0.012079,0.012779,0.013498,0.014238,0.014997,0.015776,0.016575,0.017393,0.018231,0.019089,0.019967,0.020864,0.021781,0.022718,0.023674,0.02465,0.025646,0.026662,0.027697,0.028752,0.029827,0.030921,0.032035,0.033169,0.034323,0.035496,0.036689,0.037902,0.039135,0.040387,0.041659,0.04295,0.044262,0.045593,0.046944,0.048314,0.049705,0.051115,0.052544,0.053994,0.055463,0.056952,0.05846,0.059989,0.061537,0.063104,0.064692,0.066299,0.067926,0.069573,0.071239,0.072925,0.074631,0.076356,0.078101,0.079866,0.081651,0.083456,0.08528,0.087123,0.088987,0.09087,0.092773,0.094696,0.096638,0.098601,0.100582,0.102584,0.104605,0.106646,0.108707,0.110788,0.112888,0.115008,0.117147,0.119307,0.121486,0.123685,0.125903,0.128141,0.130399,0.132677,0.134974,0.137291,0.139628,0.141985,0.144361,0.146757,0.149173,0.151608,0.154063,0.156538,0.159033,0.161547],"y":[-11.16714,-8.21655,-8.08201,-9.31466,-9.57746,-9.90695,-10.6754,-10.80803,-10.82042,-11.04657,-11.3618,-11.59921,-11.6898,-11.83222,-11.92036,-12.06363,-12.24747,-12.31576,-12.27411,-12.21031,-12.20068,-12.36014,-12.46356,-12.45868,-12.45514,-12.49839,-12.53898,-12.55837,-12.52007,-12.51517,-12.52051,-12.53797,-12.60805,-12.70213,-12.75908,-12.81347,-12.85294,-12.89469,-12.89077,-12.90115,-12.91671,-12.95929,-13.00785,-13.03305,-13.02307,-13.00716,-13.02063,-13.0434,-13.02606,-13.02827,-13.03265,-13.03668,-13.0444,-12.99813,-12.99012,-12.98358,-12.93512,-12.91074,-12.92436,-12.90953,-12.86702,-12.83003,-12.85268,-12.86155,-12.81338,-12.81356,-12.80317,-12.74609,-12.73754,-12.76913,-12.76121,-12.72002,-12.75412,-12.78119,-12.79904,-12.86009,-12.86759,-12.85532,-12.86291,-12.8677,-12.88614,-12.8793,-12.87841,-12.89634,-12.89699,-12.87275,-12.88955,-12.87679,-12.8787,-12.88062,-12.87329,-12.87013,-12.86201,-12.86061,-12.86343,-12.84548,-12.84123,-12.83658,-12.82655,-12.81358,-12.80752,-12.79698,-12.78907,-12.77396,-12.76332,-12.7559,-12.74228,-12.7305,-12.7219,-12.70336,-12.69451,-12.66961,-12.65707,-12.65869,-12.63505,-12.61692,-12.60401,-12.5943,-12.58424,-12.55734,-12.55427,-12.53378,-12.53192,-12.51582,-12.49983,-12.49016,-12.4767,-12.47878,-13.12035],"type":"scatter"},{"name":"_rlnLogAmplitudesWeighted","x":[0.0,9.860055e-06,3.944022e-05,8.87405e-05,0.0001577609,0.0002465014,0.000354962,0.0004831427,0.0006310435,0.0007986645,0.0009860055,0.001193,0.00142,0.001666,0.001933,0.002219,0.002524,0.00285,0.003195,0.003559,0.003944,0.004348,0.004772,0.005216,0.005679,0.006163,0.006665,0.007188,0.00773,0.008292,0.008874,0.009476,0.010097,0.010738,0.011398,0.012079,0.012779,0.013498,0.014238,0.014997,0.015776,0.016575,0.017393,0.018231,0.019089,0.019967,0.020864,0.021781,0.022718,0.023674,0.02465,0.025646,0.026662,0.027697,0.028752,0.029827,0.030921,0.032035,0.033169,0.034323,0.035496,0.036689,0.037902,0.039135,0.040387,0.041659,0.04295,0.044262,0.045593,0.046944,0.048314,0.049705,0.051115,0.052544,0.053994,0.055463,0.056952,0.05846,0.059989,0.061537,0.063104,0.064692,0.066299,0.067926,0.069573,0.071239,0.072925,0.074631,0.076356,0.078101,0.079866,0.081651,0.083456,0.08528,0.087123,0.088987,0.09087,0.092773,0.094696,0.096638,0.098601,0.100582,0.102584,0.104605,0.106646,0.108707,0.110788,0.112888,0.115008,0.117147,0.119307,0.121486,0.123685,0.125903,0.128141,0.130399,0.132677,0.134974,0.137291,0.139628,0.141985,0.144361,0.146757,0.149173,0.151608,0.154063,0.156538,0.159033,0.161547],"y":[-11.16714,-8.21655,-8.08201,-9.31468,-9.57749,-9.90697,-10.67545,-10.80812,-10.82048,-11.04663,-11.3619,-11.59936,-11.68998,-11.83254,-11.9207,-12.06401,-12.24815,-12.31687,-12.27551,-12.21193,-12.20236,-12.36217,-12.46551,-12.46019,-12.45672,-12.50059,-12.54203,-12.56156,-12.52259,-12.5176,-12.52318,-12.54106,-12.61207,-12.70701,-12.76438,-12.82398,-12.86276,-12.90539,-12.90232,-12.91253,-12.92802,-12.97166,-13.02245,-13.04987,-13.03945,-13.02394,-13.03964,-13.06238,-13.04602,-13.04998,-13.05434,-13.05724,-13.06569,-13.01953,-13.01192,-13.00569,-12.95562,-12.93187,-12.94838,-12.93448,-12.89066,-12.85358,-12.87691,-12.8872,-12.83936,-12.83688,-12.82404,-12.76719,-12.75997,-12.79179,-12.78529,-12.74568,-12.78055,-12.81003,-12.83216,-12.89871,-12.90851,-12.9002,-12.91282,-12.92366,-12.94663,-12.94653,-12.95566,-12.98109,-12.98932,-12.96644,-12.99091,-12.99176,-13.01271,-13.0315,-13.03457,-13.04546,-13.04965,-13.05867,-13.08167,-13.09596,-13.12252,-13.12925,-13.15478,-13.17067,-13.19294,-13.22688,-13.2559,-13.24806,-13.28991,-13.34314,-13.36829,-13.35926,-13.38288,-13.42371,-13.4338,-13.46695,-13.48599,-13.61193,-13.76072,-13.78491,-13.9098,-13.89159,-13.88799,-14.13329,-14.65311,"Nan","Nan","Nan","Nan","Nan","Nan","Nan","Nan"],"type":"scatter"},{"name":"_rlnLogAmplitudesSharpened",